claim_id,answer_label,difficulty,hallucination_category,claim_text,rank,evidence_doc_id,evidence_score,evidence_text,nli_label,support_score,contradiction_score,unverifiable_score,clinical_risk_tier,severity_score,severity_level,nli_model
pqa_labeled_0_ground_truth_c1,not_hallucinated,medium,,"Results depicted mitochondrial dynamics in vivo as PCD progresses within the lace plant,",1,knowledge_0,0.5537151346106672,"Programmed cell death (PCD) is the regulated death of cells within an organism. The lace plant (Aponogeton madagascariensis) produces perforations in its leaves through PCD. The leaves of the plant consist of a latticework of longitudinal and transverse veins enclosing areoles. PCD occurs in the cells at the center of these areoles and progresses outwards, stopping approximately five cells from the vasculature. The role of mitochondria during PCD has been recognized in animals; however, it has been less studied during PCD in plants. The following paper elucidates the role of mitochondrial dynamics during developmentally regulated PCD in vivo in A. madagascariensis. A single areole within a window stage leaf (PCD is occurring) was divided into three areas based on the progression of PCD; cells that will not undergo PCD (NPCD), cells in early stages of PCD (EPCD), and cells in late stages of PCD (LPCD). Window stage leaves were stained with the mitochondrial dye MitoTracker Red CMXRos and examined. Mitochondrial dynamics were delineated into four categories (M1-M4) based on characteristics including distribution, motility, and membrane potential (ΔΨm). A TUNEL assay showed fragmented nDNA in a gradient over these mitochondrial stages. Chloroplasts and transvacuolar strands were also examined using live cell imaging. The possible importance of mitochondrial permeability transition pore (PTP) formation during PCD was indirectly examined via in vivo cyclosporine A (CsA) treatment. This treatment resulted in lace plant leaves with a significantly lower number of perforations compared to controls, and that displayed mitochondrial dynamics similar to that of non-PCD cells.",unverifiable,0.006947927176952362,0.0019408853258937597,0.9911112189292908,low,0.00038817706517875196,low,typeform/distilbert-base-uncased-mnli
pqa_labeled_0_ground_truth_c2,not_hallucinated,medium,,highlight the correlation of this organelle with other organelles during developmental PCD.,1,knowledge_0,0.4669020245841884,"Programmed cell death (PCD) is the regulated death of cells within an organism. The lace plant (Aponogeton madagascariensis) produces perforations in its leaves through PCD. The leaves of the plant consist of a latticework of longitudinal and transverse veins enclosing areoles. PCD occurs in the cells at the center of these areoles and progresses outwards, stopping approximately five cells from the vasculature. The role of mitochondria during PCD has been recognized in animals; however, it has been less studied during PCD in plants. The following paper elucidates the role of mitochondrial dynamics during developmentally regulated PCD in vivo in A. madagascariensis. A single areole within a window stage leaf (PCD is occurring) was divided into three areas based on the progression of PCD; cells that will not undergo PCD (NPCD), cells in early stages of PCD (EPCD), and cells in late stages of PCD (LPCD). Window stage leaves were stained with the mitochondrial dye MitoTracker Red CMXRos and examined. Mitochondrial dynamics were delineated into four categories (M1-M4) based on characteristics including distribution, motility, and membrane potential (ΔΨm). A TUNEL assay showed fragmented nDNA in a gradient over these mitochondrial stages. Chloroplasts and transvacuolar strands were also examined using live cell imaging. The possible importance of mitochondrial permeability transition pore (PTP) formation during PCD was indirectly examined via in vivo cyclosporine A (CsA) treatment. This treatment resulted in lace plant leaves with a significantly lower number of perforations compared to controls, and that displayed mitochondrial dynamics similar to that of non-PCD cells.",unverifiable,0.009345732629299164,0.0012767039006575942,0.9893775582313538,low,0.00025534078013151885,low,typeform/distilbert-base-uncased-mnli
pqa_labeled_0_ground_truth_c3,not_hallucinated,medium,,"To the best of our knowledge, this is the first report of mitochondria",1,knowledge_868,0.1627038995881119,"To examine gout patients' knowledge of their condition, including the central role of achieving and maintaining the serum urate (SU) goal with the use of urate-lowering therapy (ULT). This study of 612 gout patients was conducted at a Veterans Affairs medical center. Gout patients were included based on administrative diagnostic codes and receipt of at least 1 allopurinol prescription over a 1-year period. Questionnaires were mailed to patients and linked to medical records data. The questionnaire included gout-specific knowledge questions, the Patient Activation Measure, and self-reported health outcomes. Knowledge was assessed descriptively. Multivariable logistic regression was used to determine predictors of SU goal knowledge. Associations of knowledge with health outcomes were examined in exploratory analyses. The questionnaire had a 62% response rate. Only 14% of patients knew their SU goal, while the majority answered correctly for the other 5 gout-specific knowledge questions. In adjusted analyses, having a rheumatologist as initial prescriber (odds ratio [OR] 3.0 [95% confidence interval (95% CI) 1.4-6.2]) and knowing all of the other 5 gout-specific knowledge questions (OR 2.1 [95% CI 1.3-3.4]) were associated with greater odds of knowing the SU goal. SU goal knowledge was associated with self-reported global health status, but not with self-reported health-related quality of life or gout-specific health status.",contradicted,0.0006039097206667066,0.9827902317047119,0.016605814918875694,low,0.1965580463409424,low,typeform/distilbert-base-uncased-mnli
pqa_labeled_0_ground_truth_c4,not_hallucinated,medium,,chloroplasts moving on transvacuolar strands to form a ring structure surrounding the nucleus during developmental PCD.,1,knowledge_0,0.2804813964130038,"Programmed cell death (PCD) is the regulated death of cells within an organism. The lace plant (Aponogeton madagascariensis) produces perforations in its leaves through PCD. The leaves of the plant consist of a latticework of longitudinal and transverse veins enclosing areoles. PCD occurs in the cells at the center of these areoles and progresses outwards, stopping approximately five cells from the vasculature. The role of mitochondria during PCD has been recognized in animals; however, it has been less studied during PCD in plants. The following paper elucidates the role of mitochondrial dynamics during developmentally regulated PCD in vivo in A. madagascariensis. A single areole within a window stage leaf (PCD is occurring) was divided into three areas based on the progression of PCD; cells that will not undergo PCD (NPCD), cells in early stages of PCD (EPCD), and cells in late stages of PCD (LPCD). Window stage leaves were stained with the mitochondrial dye MitoTracker Red CMXRos and examined. Mitochondrial dynamics were delineated into four categories (M1-M4) based on characteristics including distribution, motility, and membrane potential (ΔΨm). A TUNEL assay showed fragmented nDNA in a gradient over these mitochondrial stages. Chloroplasts and transvacuolar strands were also examined using live cell imaging. The possible importance of mitochondrial permeability transition pore (PTP) formation during PCD was indirectly examined via in vivo cyclosporine A (CsA) treatment. This treatment resulted in lace plant leaves with a significantly lower number of perforations compared to controls, and that displayed mitochondrial dynamics similar to that of non-PCD cells.",unverifiable,0.0017188105266541243,0.0024524591863155365,0.9958286881446838,low,0.0004904918372631073,low,typeform/distilbert-base-uncased-mnli
pqa_labeled_0_ground_truth_c5,not_hallucinated,medium,,"Also, for the first time, we have shown the feasibility for the use of CsA in a whole plant system.",1,knowledge_450,0.2074059451577166,"To determine the effect of occupational exposure in a nuclear power plant in Griefswald, Germany on male and female fecundity. The frequency of men and women exposed to ionizing radiation through work in a nuclear power plant among 270 infertile couples was retrospectively compared to a control fertile population using a pair-matched analysis. The total cumulative equivalent radiation dose was determined. In addition, the spermiograms of the male partners in both groups were compared and correlated to the degree of exposure. No differences were noted in the frequency of nuclear power plant exposure between sterile and fertile groups. There was a higher rate of anomalous spermiograms in nuclear power plant workers. However, abnormalities were temporary. No correlation was found between the cumulative equivalent radiation dose and abnormal spermiograms.",unverifiable,0.0004679248668253422,0.0003356168745085597,0.999196469783783,low,6.712337490171194e-05,low,typeform/distilbert-base-uncased-mnli
pqa_labeled_0_ground_truth_c6,not_hallucinated,medium,,"Overall, our findings implicate the mitochondria as playing a critical",1,knowledge_472,0.0524488962433035,"The aim of this study was to analyse the results of infragenual arterial revascularisation using semiclosed endarterectomy of the superficial femoral artery combined with a short venous bypass in patients with critical leg ischemia and insufficient venous material for a straightforward femorocrural reconstruction. From December 1990 through December 1998 thirty patients were studied (22 males and 8 females; mean age 65 years, range 31-92 years). The mean follow-up was 26 months (range 1-96 months). Cumulative primary patency and limb salvage rates were calculated according to life-table analysis. The cumulative primary patency was 60.3% at 1 year and 48.4% at 3 years. The limb salvage rate was 68.6% at 1 and at 3 years.",unverifiable,0.09137389063835144,0.40894749760627747,0.49967870116233826,low,0.0817894995212555,low,typeform/distilbert-base-uncased-mnli
pqa_labeled_0_ground_truth_c7,not_hallucinated,medium,,early role in developmentally regulated PCD in the lace plant.,1,knowledge_0,0.4925976199830931,"Programmed cell death (PCD) is the regulated death of cells within an organism. The lace plant (Aponogeton madagascariensis) produces perforations in its leaves through PCD. The leaves of the plant consist of a latticework of longitudinal and transverse veins enclosing areoles. PCD occurs in the cells at the center of these areoles and progresses outwards, stopping approximately five cells from the vasculature. The role of mitochondria during PCD has been recognized in animals; however, it has been less studied during PCD in plants. The following paper elucidates the role of mitochondrial dynamics during developmentally regulated PCD in vivo in A. madagascariensis. A single areole within a window stage leaf (PCD is occurring) was divided into three areas based on the progression of PCD; cells that will not undergo PCD (NPCD), cells in early stages of PCD (EPCD), and cells in late stages of PCD (LPCD). Window stage leaves were stained with the mitochondrial dye MitoTracker Red CMXRos and examined. Mitochondrial dynamics were delineated into four categories (M1-M4) based on characteristics including distribution, motility, and membrane potential (ΔΨm). A TUNEL assay showed fragmented nDNA in a gradient over these mitochondrial stages. Chloroplasts and transvacuolar strands were also examined using live cell imaging. The possible importance of mitochondrial permeability transition pore (PTP) formation during PCD was indirectly examined via in vivo cyclosporine A (CsA) treatment. This treatment resulted in lace plant leaves with a significantly lower number of perforations compared to controls, and that displayed mitochondrial dynamics similar to that of non-PCD cells.",unverifiable,0.00497246440500021,0.0024139746092259884,0.9926135540008545,low,0.0004827949218451977,low,typeform/distilbert-base-uncased-mnli
pqa_labeled_0_hallucinated_c1,hallucinated,medium,Mechanism and Pathway Misattribution,Mitochondria regulate the formation of perforations in lace plant leaves through the modulation of calcium channels,1,knowledge_0,0.2016295389066627,"Programmed cell death (PCD) is the regulated death of cells within an organism. The lace plant (Aponogeton madagascariensis) produces perforations in its leaves through PCD. The leaves of the plant consist of a latticework of longitudinal and transverse veins enclosing areoles. PCD occurs in the cells at the center of these areoles and progresses outwards, stopping approximately five cells from the vasculature. The role of mitochondria during PCD has been recognized in animals; however, it has been less studied during PCD in plants. The following paper elucidates the role of mitochondrial dynamics during developmentally regulated PCD in vivo in A. madagascariensis. A single areole within a window stage leaf (PCD is occurring) was divided into three areas based on the progression of PCD; cells that will not undergo PCD (NPCD), cells in early stages of PCD (EPCD), and cells in late stages of PCD (LPCD). Window stage leaves were stained with the mitochondrial dye MitoTracker Red CMXRos and examined. Mitochondrial dynamics were delineated into four categories (M1-M4) based on characteristics including distribution, motility, and membrane potential (ΔΨm). A TUNEL assay showed fragmented nDNA in a gradient over these mitochondrial stages. Chloroplasts and transvacuolar strands were also examined using live cell imaging. The possible importance of mitochondrial permeability transition pore (PTP) formation during PCD was indirectly examined via in vivo cyclosporine A (CsA) treatment. This treatment resulted in lace plant leaves with a significantly lower number of perforations compared to controls, and that displayed mitochondrial dynamics similar to that of non-PCD cells.",unverifiable,0.0013632611371576786,0.0016390335513278842,0.9969977140426636,low,0.0005572714074514807,low,typeform/distilbert-base-uncased-mnli
pqa_labeled_0_hallucinated_c2,hallucinated,medium,Mechanism and Pathway Misattribution,"by activating specific proteases that degrade cellular structures, facilitating the PCD process.",1,knowledge_0,0.3434430577055051,"Programmed cell death (PCD) is the regulated death of cells within an organism. The lace plant (Aponogeton madagascariensis) produces perforations in its leaves through PCD. The leaves of the plant consist of a latticework of longitudinal and transverse veins enclosing areoles. PCD occurs in the cells at the center of these areoles and progresses outwards, stopping approximately five cells from the vasculature. The role of mitochondria during PCD has been recognized in animals; however, it has been less studied during PCD in plants. The following paper elucidates the role of mitochondrial dynamics during developmentally regulated PCD in vivo in A. madagascariensis. A single areole within a window stage leaf (PCD is occurring) was divided into three areas based on the progression of PCD; cells that will not undergo PCD (NPCD), cells in early stages of PCD (EPCD), and cells in late stages of PCD (LPCD). Window stage leaves were stained with the mitochondrial dye MitoTracker Red CMXRos and examined. Mitochondrial dynamics were delineated into four categories (M1-M4) based on characteristics including distribution, motility, and membrane potential (ΔΨm). A TUNEL assay showed fragmented nDNA in a gradient over these mitochondrial stages. Chloroplasts and transvacuolar strands were also examined using live cell imaging. The possible importance of mitochondrial permeability transition pore (PTP) formation during PCD was indirectly examined via in vivo cyclosporine A (CsA) treatment. This treatment resulted in lace plant leaves with a significantly lower number of perforations compared to controls, and that displayed mitochondrial dynamics similar to that of non-PCD cells.",unverifiable,0.0007738607237115502,0.002942160237580538,0.9962839484214783,low,0.0010003344807773828,low,typeform/distilbert-base-uncased-mnli
pqa_labeled_1_ground_truth_c1,not_hallucinated,hard,,"Using the charts described, there was only a slight overestimation of visual acuity by the Snellen E compared to the Landolt C, even in strabismus amblyopia.",1,knowledge_1,0.5831322991881104,"Assessment of visual acuity depends on the optotypes used for measurement. The ability to recognize different optotypes differs even if their critical details appear under the same visual angle. Since optotypes are evaluated on individuals with good visual acuity and without eye disorders, differences in the lower visual acuity range cannot be excluded. In this study, visual acuity measured with the Snellen E was compared to the Landolt C acuity. 100 patients (age 8 - 90 years, median 60.5 years) with various eye disorders, among them 39 with amblyopia due to strabismus, and 13 healthy volunteers were tested. Charts with the Snellen E and the Landolt C (Precision Vision) which mimic the ETDRS charts were used to assess visual acuity. Three out of 5 optotypes per line had to be correctly identified, while wrong answers were monitored. In the group of patients, the eyes with the lower visual acuity, and the right eyes of the healthy subjects, were evaluated. Differences between Landolt C acuity (LR) and Snellen E acuity (SE) were small. The mean decimal values for LR and SE were 0.25 and 0.29 in the entire group and 0.14 and 0.16 for the eyes with strabismus amblyopia. The mean difference between LR and SE was 0.55 lines in the entire group and 0.55 lines for the eyes with strabismus amblyopia, with higher values of SE in both groups. The results of the other groups were similar with only small differences between LR and SE.",unverifiable,0.303771436214447,0.2252114713191986,0.4710170328617096,low,0.045042294263839724,low,typeform/distilbert-base-uncased-mnli
pqa_labeled_1_ground_truth_c2,not_hallucinated,hard,,Small differences in the lower visual acuity range have to be considered.,1,knowledge_1,0.5173409610766835,"Assessment of visual acuity depends on the optotypes used for measurement. The ability to recognize different optotypes differs even if their critical details appear under the same visual angle. Since optotypes are evaluated on individuals with good visual acuity and without eye disorders, differences in the lower visual acuity range cannot be excluded. In this study, visual acuity measured with the Snellen E was compared to the Landolt C acuity. 100 patients (age 8 - 90 years, median 60.5 years) with various eye disorders, among them 39 with amblyopia due to strabismus, and 13 healthy volunteers were tested. Charts with the Snellen E and the Landolt C (Precision Vision) which mimic the ETDRS charts were used to assess visual acuity. Three out of 5 optotypes per line had to be correctly identified, while wrong answers were monitored. In the group of patients, the eyes with the lower visual acuity, and the right eyes of the healthy subjects, were evaluated. Differences between Landolt C acuity (LR) and Snellen E acuity (SE) were small. The mean decimal values for LR and SE were 0.25 and 0.29 in the entire group and 0.14 and 0.16 for the eyes with strabismus amblyopia. The mean difference between LR and SE was 0.55 lines in the entire group and 0.55 lines for the eyes with strabismus amblyopia, with higher values of SE in both groups. The results of the other groups were similar with only small differences between LR and SE.",contradicted,0.024012666195631027,0.7122116088867188,0.2637757360935211,low,0.14244232177734376,low,typeform/distilbert-base-uncased-mnli
pqa_labeled_1_hallucinated_c1,hallucinated,hard,Incomplete Information,Patients with strabismus amblyopia showed a significant underestimation of visual acuity when assessed with the Landolt C chart compared to the Snellen E chart.,1,knowledge_1,0.4984533098708287,"Assessment of visual acuity depends on the optotypes used for measurement. The ability to recognize different optotypes differs even if their critical details appear under the same visual angle. Since optotypes are evaluated on individuals with good visual acuity and without eye disorders, differences in the lower visual acuity range cannot be excluded. In this study, visual acuity measured with the Snellen E was compared to the Landolt C acuity. 100 patients (age 8 - 90 years, median 60.5 years) with various eye disorders, among them 39 with amblyopia due to strabismus, and 13 healthy volunteers were tested. Charts with the Snellen E and the Landolt C (Precision Vision) which mimic the ETDRS charts were used to assess visual acuity. Three out of 5 optotypes per line had to be correctly identified, while wrong answers were monitored. In the group of patients, the eyes with the lower visual acuity, and the right eyes of the healthy subjects, were evaluated. Differences between Landolt C acuity (LR) and Snellen E acuity (SE) were small. The mean decimal values for LR and SE were 0.25 and 0.29 in the entire group and 0.14 and 0.16 for the eyes with strabismus amblyopia. The mean difference between LR and SE was 0.55 lines in the entire group and 0.55 lines for the eyes with strabismus amblyopia, with higher values of SE in both groups. The results of the other groups were similar with only small differences between LR and SE.",contradicted,0.015776267275214195,0.7433342933654785,0.24088947474956512,low,0.1635335445404053,low,typeform/distilbert-base-uncased-mnli
pqa_labeled_2_ground_truth_c1,not_hallucinated,hard,,"""Aquagenic maladies"" could be a pediatric form of the aquagenic urticaria.",1,knowledge_2,0.3559019132358544,"Apparent life-threatening events in infants are a difficult and frequent problem in pediatric practice. The prognosis is uncertain because of risk of sudden infant death syndrome. Eight infants aged 2 to 15 months were admitted during a period of 6 years; they suffered from similar maladies in the bath: on immersion, they became pale, hypotonic, still and unreactive; recovery took a few seconds after withdrawal from the bath and stimulation. Two diagnoses were initially considered: seizure or gastroesophageal reflux but this was doubtful. The hypothesis of an equivalent of aquagenic urticaria was then considered; as for patients with this disease, each infant's family contained members suffering from dermographism, maladies or eruption after exposure to water or sun. All six infants had dermographism. We found an increase in blood histamine levels after a trial bath in the two infants tested. The evolution of these ""aquagenic maladies"" was favourable after a few weeks without baths. After a 2-7 year follow-up, three out of seven infants continue to suffer from troubles associated with sun or water.",supported,0.9946432113647461,0.001208048895932734,0.004148769658058882,low,0.00024160977918654682,low,typeform/distilbert-base-uncased-mnli
pqa_labeled_2_hallucinated_c1,hallucinated,hard,Misinterpretation of #Question#,Syncope during bathing in infants is a manifestation of water-induced vasodilation,1,knowledge_2,0.2437727444012961,"Apparent life-threatening events in infants are a difficult and frequent problem in pediatric practice. The prognosis is uncertain because of risk of sudden infant death syndrome. Eight infants aged 2 to 15 months were admitted during a period of 6 years; they suffered from similar maladies in the bath: on immersion, they became pale, hypotonic, still and unreactive; recovery took a few seconds after withdrawal from the bath and stimulation. Two diagnoses were initially considered: seizure or gastroesophageal reflux but this was doubtful. The hypothesis of an equivalent of aquagenic urticaria was then considered; as for patients with this disease, each infant's family contained members suffering from dermographism, maladies or eruption after exposure to water or sun. All six infants had dermographism. We found an increase in blood histamine levels after a trial bath in the two infants tested. The evolution of these ""aquagenic maladies"" was favourable after a few weeks without baths. After a 2-7 year follow-up, three out of seven infants continue to suffer from troubles associated with sun or water.",supported,0.9937545657157898,0.0015956464922055602,0.004649862181395292,low,0.00044678101781755683,low,typeform/distilbert-base-uncased-mnli
pqa_labeled_2_hallucinated_c2,hallucinated,hard,Misinterpretation of #Question#,"hypovolemia, which can lead to transient circulatory collapse.",1,knowledge_618,0.0717706120294881,"The aim of this study was to evaluate the effectiveness of our surgical strategy for acute aortic dissection based on the extent of the dissection and the site of the entry, with special emphasis on resection of all dissected aortic segments if technically possible. Between January 1995 and March 2001, 43 consecutive patients underwent operations for acute aortic dissection. In all patients the distal repair was performed under circulatory arrest without the use of an aortic cross-clamp. Fifteen patients underwent aortic arch replacement with additional reconstruction of supra-aortic vessels in 3 patients. Complete replacement of all dissected tissue could be achieved in 21 patients (group 1). Because of the distal extent of the dissection beyond the aortic arch, replacement of all the dissected tissue was not possible in 22 patients (group 2). Early mortality was 4.7% (2 patients), and the incidence of perioperative cerebrovascular events was 7.0% (3 patients). All of these events occurred in group 2 (p<0.025). During the follow-up period of 6 years or less, 5 patients died, all from causes not related to the aorta or the aortic valve. A persisting patent false lumen was observed in 14 of the 36 surviving patients (39%).",supported,0.3826029598712921,0.2689845860004425,0.3484124541282654,low,0.0753156840801239,low,typeform/distilbert-base-uncased-mnli
pqa_labeled_3_ground_truth_c1,not_hallucinated,easy,,Our long-term study showed significantly better (2-fold) results regarding the continence score for the abdominal approach compared with the transanal pull-through.,1,knowledge_3,0.3504367572776031,"The transanal endorectal pull-through (TERPT) is becoming the most popular procedure in the treatment of Hirschsprung disease (HD), but overstretching of the anal sphincters remains a critical issue that may impact the continence. This study examined the long-term outcome of TERPT versus conventional transabdominal (ABD) pull-through for HD. Records of 41 patients more than 3 years old who underwent a pull-through for HD (TERPT, n = 20; ABD, n = 21) were reviewed, and their families were thoroughly interviewed and scored via a 15-item post-pull-through long-term outcome questionnaire. Patients were operated on between the years 1995 and 2003. During this time, our group transitioned from the ABD to the TERPT technique. Total scoring ranged from 0 to 40: 0 to 10, excellent; 11 to 20 good; 21 to 30 fair; 31 to 40 poor. A 2-tailed Student t test, analysis of covariance, as well as logistic and linear regression were used to analyze the collected data with confidence interval higher than 95%. Overall scores were similar. However, continence score was significantly better in the ABD group, and the stool pattern score was better in the TERPT group. A significant difference in age at interview between the 2 groups was noted; we therefore reanalyzed the data controlling for age, and this showed that age did not significantly affect the long-term scoring outcome between groups.",supported,0.5303736329078674,0.43267419934272766,0.036952197551727295,low,0.08653483986854554,low,typeform/distilbert-base-uncased-mnli
pqa_labeled_3_ground_truth_c2,not_hallucinated,easy,,The stool pattern,1,knowledge_3,0.1016616917967184,"The transanal endorectal pull-through (TERPT) is becoming the most popular procedure in the treatment of Hirschsprung disease (HD), but overstretching of the anal sphincters remains a critical issue that may impact the continence. This study examined the long-term outcome of TERPT versus conventional transabdominal (ABD) pull-through for HD. Records of 41 patients more than 3 years old who underwent a pull-through for HD (TERPT, n = 20; ABD, n = 21) were reviewed, and their families were thoroughly interviewed and scored via a 15-item post-pull-through long-term outcome questionnaire. Patients were operated on between the years 1995 and 2003. During this time, our group transitioned from the ABD to the TERPT technique. Total scoring ranged from 0 to 40: 0 to 10, excellent; 11 to 20 good; 21 to 30 fair; 31 to 40 poor. A 2-tailed Student t test, analysis of covariance, as well as logistic and linear regression were used to analyze the collected data with confidence interval higher than 95%. Overall scores were similar. However, continence score was significantly better in the ABD group, and the stool pattern score was better in the TERPT group. A significant difference in age at interview between the 2 groups was noted; we therefore reanalyzed the data controlling for age, and this showed that age did not significantly affect the long-term scoring outcome between groups.",supported,0.9208279252052307,0.026856962591409683,0.05231507867574692,low,0.005371392518281937,low,typeform/distilbert-base-uncased-mnli
pqa_labeled_3_ground_truth_c3,not_hallucinated,easy,,enterocolitis scores were somewhat better for the TERPT group.,1,knowledge_3,0.3182890025574019,"The transanal endorectal pull-through (TERPT) is becoming the most popular procedure in the treatment of Hirschsprung disease (HD), but overstretching of the anal sphincters remains a critical issue that may impact the continence. This study examined the long-term outcome of TERPT versus conventional transabdominal (ABD) pull-through for HD. Records of 41 patients more than 3 years old who underwent a pull-through for HD (TERPT, n = 20; ABD, n = 21) were reviewed, and their families were thoroughly interviewed and scored via a 15-item post-pull-through long-term outcome questionnaire. Patients were operated on between the years 1995 and 2003. During this time, our group transitioned from the ABD to the TERPT technique. Total scoring ranged from 0 to 40: 0 to 10, excellent; 11 to 20 good; 21 to 30 fair; 31 to 40 poor. A 2-tailed Student t test, analysis of covariance, as well as logistic and linear regression were used to analyze the collected data with confidence interval higher than 95%. Overall scores were similar. However, continence score was significantly better in the ABD group, and the stool pattern score was better in the TERPT group. A significant difference in age at interview between the 2 groups was noted; we therefore reanalyzed the data controlling for age, and this showed that age did not significantly affect the long-term scoring outcome between groups.",supported,0.9671885371208191,0.015189695172011852,0.017621809616684914,low,0.0030379390344023706,low,typeform/distilbert-base-uncased-mnli
pqa_labeled_3_ground_truth_c4,not_hallucinated,easy,,"These findings raise an important issue about the current surgical management of HD; however, more cases will need to be studied before a definitive conclusion can be drawn.",1,knowledge_244,0.19806213346233,"The etiology of hemodialysis (HD)-induced hypotension and hypertension remains speculative. There is mounting evidence that endothelin-1 (ET-1) may play a vital role in these hemodynamic changes. We examined the possible role of intradialytic changes of ET-1 in the pathogenesis of hypotension and rebound hypertension during HD. The present study included 45 patients with end-stage renal disease (ESRD) on regular HD. They were divided according to their hemodynamic status during HD into three groups (group I had stable intradialytic hemodynamics, group II had dialysis-induced hypotension, and group III had rebound hypertension during HD). In addition, 15 healthy volunteers were included as a control group. Pulse and blood pressure were monitored before, during (every half hour), and after HD session. ET-1 level was measured at the beginning, middle, and end of HD. ET-1 was measured in the control group for comparison. Pre-dialysis levels of ET-1 were significantly higher in dialysis patients compared to the controls (P<0.001); however, they were comparable in the three HD groups. The post-dialysis ET-1 level was not changed significantly in group I compared with predialysis values (14.49 +/- 2.04 vs. 14.33 +/- 2.23 pg/ml; P = NS), while the ET-1 concentration decreased significantly in group II and increased in group III in comparison to predialysis values (8.56 +/- 1.44 vs. 11.75 +/- 2.51; 16.39 +/- 3.12 vs. 11.93 +/- 2.11 pg/ml, respectively; P<0.001).",unverifiable,0.00663128262385726,0.45380643010139465,0.5395623445510864,low,0.09076128602027894,low,typeform/distilbert-base-uncased-mnli
pqa_labeled_3_hallucinated_c1,hallucinated,easy,Misinterpretation of #Question#,transabdominal pull-through procedures yield comparable long-term outcomes for continence,1,knowledge_3,0.3259666274195379,"The transanal endorectal pull-through (TERPT) is becoming the most popular procedure in the treatment of Hirschsprung disease (HD), but overstretching of the anal sphincters remains a critical issue that may impact the continence. This study examined the long-term outcome of TERPT versus conventional transabdominal (ABD) pull-through for HD. Records of 41 patients more than 3 years old who underwent a pull-through for HD (TERPT, n = 20; ABD, n = 21) were reviewed, and their families were thoroughly interviewed and scored via a 15-item post-pull-through long-term outcome questionnaire. Patients were operated on between the years 1995 and 2003. During this time, our group transitioned from the ABD to the TERPT technique. Total scoring ranged from 0 to 40: 0 to 10, excellent; 11 to 20 good; 21 to 30 fair; 31 to 40 poor. A 2-tailed Student t test, analysis of covariance, as well as logistic and linear regression were used to analyze the collected data with confidence interval higher than 95%. Overall scores were similar. However, continence score was significantly better in the ABD group, and the stool pattern score was better in the TERPT group. A significant difference in age at interview between the 2 groups was noted; we therefore reanalyzed the data controlling for age, and this showed that age did not significantly affect the long-term scoring outcome between groups.",supported,0.6312184929847717,0.24100759625434875,0.12777391076087952,low,0.06748212695121765,low,typeform/distilbert-base-uncased-mnli
